Book Title,Price,Rating,Availability
The Most Perfect Thing: Inside (and Outside) a Bird's Egg,Â£42.96,Four,In stock
Immunity: How Elie Metchnikoff Changed the Course of Modern Medicine,Â£57.36,Five,In stock
Sorting the Beef from the Bull: The Science of Food Fraud Forensics,Â£44.74,Four,In stock
Tipping Point for Planet Earth: How Close Are We to the Edge?,Â£37.55,One,In stock
"The Fabric of the Cosmos: Space, Time, and the Texture of Reality",Â£55.91,One,In stock
Diary of a Citizen Scientist: Chasing Tiger Beetles and Other New Ways of Engaging the World,Â£28.41,One,In stock
The Origin of Species,Â£10.01,Four,In stock
The Grand Design,Â£13.76,Three,In stock
Peak: Secrets from the New Science of Expertise,Â£16.28,Two,In stock
"The Elegant Universe: Superstrings, Hidden Dimensions, and the Quest for the Ultimate Theory",Â£13.03,Four,In stock
"The Disappearing Spoon: And Other True Tales of Madness, Love, and the History of the World from the Periodic Table of the Elements",Â£57.35,Five,In stock
"Surely You're Joking, Mr. Feynman!: Adventures of a Curious Character",Â£25.83,Two,In stock
Seven Brief Lessons on Physics,Â£30.60,Four,In stock
The Selfish Gene,Â£29.45,One,In stock
